{"cameraMode":{"drawMode":0,"name":"Shaded","section":"Shading Mode"},"sceneLighting":true,"audioPlay":false,"sceneViewState":{"showFog":true,"showMaterialUpdate":false,"showSkybox":false,"showFlares":true,"showImageEffects":true,"showParticleSystems":true},"in2DMode":false,"pivot":{"x":-0.2617013454437256,"y":-0.35181668400764468,"z":-2.1426877975463869},"rotation":{"x":0.16587886214256288,"y":0.8102408647537231,"z":-0.27373942732810976,"w":0.49098479747772219},"size":1.4933223724365235,"orthographic":false}