{"cameraMode":{"drawMode":0,"name":"Shaded","section":"Shading Mode"},"sceneLighting":true,"audioPlay":false,"sceneViewState":{"showFog":true,"showMaterialUpdate":false,"showSkybox":false,"showFlares":true,"showImageEffects":true,"showParticleSystems":true},"in2DMode":false,"pivot":{"x":-0.6829872131347656,"y":-3.953282356262207,"z":4.193981647491455},"rotation":{"x":-0.202043354511261,"y":-0.6212744116783142,"z":0.17014434933662415,"w":-0.7377482056617737},"size":18.35848045349121,"orthographic":false}