{"cameraMode":{"drawMode":0,"name":"Shaded","section":"Shading Mode"},"sceneLighting":false,"audioPlay":false,"sceneViewState":{"showFog":true,"showMaterialUpdate":false,"showSkybox":false,"showFlares":true,"showImageEffects":true,"showParticleSystems":true},"in2DMode":false,"pivot":{"x":-117.30000305175781,"y":2.4221229553222658,"z":110.37956237792969},"rotation":{"x":-0.2866065800189972,"y":-0.7129209041595459,"z":0.4364123046398163,"w":-0.4681747257709503},"size":1.9606858491897584,"orthographic":false}