{"cameraMode":{"drawMode":0,"name":"Shaded","section":"Shading Mode"},"sceneLighting":false,"audioPlay":false,"sceneViewState":{"showFog":true,"showMaterialUpdate":false,"showSkybox":false,"showFlares":true,"showImageEffects":true,"showParticleSystems":true},"in2DMode":false,"pivot":{"x":-0.035990700125694278,"y":-0.05071656405925751,"z":0.00015965662896633148},"rotation":{"x":0.142876535654068,"y":0.6695536971092224,"z":-0.1335025131702423,"w":0.7165652513504028},"size":0.2529665529727936,"orthographic":false}