{"cameraMode":{"drawMode":0,"name":"Shaded","section":"Shading Mode"},"sceneLighting":true,"audioPlay":false,"sceneViewState":{"showFog":true,"showMaterialUpdate":false,"showSkybox":true,"showFlares":true,"showImageEffects":true,"showParticleSystems":true},"in2DMode":false,"pivot":{"x":622.9771728515625,"y":369.53619384765627,"z":359.58050537109377},"rotation":{"x":-0.1317145675420761,"y":-0.05588087812066078,"z":0.007436203304678202,"w":-0.9896862506866455},"size":1046.5167236328125,"orthographic":false}