{"cameraMode":{"drawMode":0,"name":"Shaded","section":"Shading Mode"},"sceneLighting":false,"audioPlay":false,"sceneViewState":{"showFog":true,"showMaterialUpdate":false,"showSkybox":false,"showFlares":true,"showImageEffects":true,"showParticleSystems":true},"in2DMode":false,"pivot":{"x":-2.419724702835083,"y":-1.3155196905136109,"z":-11.446352005004883},"rotation":{"x":-0.32586371898651125,"y":-0.37293851375579836,"z":0.14178816974163056,"w":-0.8571162819862366},"size":18.820594787597658,"orthographic":false}