{"cameraMode":{"drawMode":0,"name":"Shaded","section":"Shading Mode"},"sceneLighting":false,"audioPlay":false,"sceneViewState":{"showFog":true,"showMaterialUpdate":false,"showSkybox":false,"showFlares":true,"showImageEffects":true,"showParticleSystems":true},"in2DMode":false,"pivot":{"x":-129.7282257080078,"y":-1.927978754043579,"z":143.379638671875},"rotation":{"x":-0.172321617603302,"y":-0.713721752166748,"z":0.18857413530349732,"w":-0.652207612991333},"size":12.635766983032227,"orthographic":false}