{"cameraMode":{"drawMode":0,"name":"Shaded","section":"Shading Mode"},"sceneLighting":true,"audioPlay":false,"sceneViewState":{"showFog":true,"showMaterialUpdate":false,"showSkybox":true,"showFlares":true,"showImageEffects":true,"showParticleSystems":true},"in2DMode":false,"pivot":{"x":249.6407012939453,"y":-180.13951110839845,"z":270.0127868652344},"rotation":{"x":-0.176723450422287,"y":-0.5463401079177856,"z":0.11919707804918289,"w":-0.809998631477356},"size":217.7174530029297,"orthographic":false}