{"cameraMode":{"drawMode":0,"name":"Shaded","section":"Shading Mode"},"sceneLighting":false,"audioPlay":false,"sceneViewState":{"showFog":true,"showMaterialUpdate":false,"showSkybox":false,"showFlares":true,"showImageEffects":true,"showParticleSystems":true},"in2DMode":false,"pivot":{"x":1.034254550933838,"y":3.524245262145996,"z":-0.11193105578422547},"rotation":{"x":0.15000542998313905,"y":0.7069369554519653,"z":-0.15757231414318086,"w":0.6729879379272461},"size":7.921764373779297,"orthographic":false}