{"cameraMode":{"drawMode":0,"name":"Shaded","section":"Shading Mode"},"sceneLighting":true,"audioPlay":false,"sceneViewState":{"showFog":true,"showMaterialUpdate":true,"showSkybox":true,"showFlares":true,"showImageEffects":true,"showParticleSystems":true},"in2DMode":false,"pivot":{"x":-33.42713928222656,"y":1.3107223510742188,"z":4.508147239685059},"rotation":{"x":0.13638952374458314,"y":0.5724266767501831,"z":-0.0972626656293869,"w":0.8026772737503052},"size":11.19527816772461,"orthographic":false}