{"cameraMode":{"drawMode":0,"name":"Shaded","section":"Shading Mode"},"sceneLighting":true,"audioPlay":false,"sceneViewState":{"showFog":true,"showMaterialUpdate":true,"showSkybox":true,"showFlares":true,"showImageEffects":true,"showParticleSystems":true},"in2DMode":false,"pivot":{"x":-0.233259916305542,"y":0.0,"z":0.6333659291267395},"rotation":{"x":0.30893224477767947,"y":0.26213550567626955,"z":-0.08900066465139389,"w":0.9099053740501404},"size":3.1677074432373049,"orthographic":false}