{"cameraMode":{"drawMode":0,"name":"Shaded","section":"Shading Mode"},"sceneLighting":true,"audioPlay":false,"sceneViewState":{"showFog":true,"showMaterialUpdate":true,"showSkybox":true,"showFlares":true,"showImageEffects":true,"showParticleSystems":true},"in2DMode":false,"pivot":{"x":37.26480484008789,"y":-38.98787307739258,"z":-14.729372024536133},"rotation":{"x":0.24454951286315919,"y":0.6913530826568604,"z":-0.2711855173110962,"w":0.6234534978866577},"size":54.251617431640628,"orthographic":false}