{"cameraMode":{"drawMode":0,"name":"Shaded","section":"Shading Mode"},"sceneLighting":false,"audioPlay":false,"sceneViewState":{"showFog":true,"showMaterialUpdate":true,"showSkybox":false,"showFlares":true,"showImageEffects":true,"showParticleSystems":true},"in2DMode":false,"pivot":{"x":1.0043425559997559,"y":3.1575212478637697,"z":-0.22890233993530274},"rotation":{"x":0.08748537302017212,"y":0.9124839901924133,"z":-0.2870796024799347,"w":0.278072714805603},"size":4.678168773651123,"orthographic":false}