{"cameraMode":{"drawMode":0,"name":"Shaded","section":"Shading Mode"},"sceneLighting":true,"audioPlay":false,"sceneViewState":{"showFog":true,"showMaterialUpdate":true,"showSkybox":true,"showFlares":true,"showImageEffects":true,"showParticleSystems":true},"in2DMode":false,"pivot":{"x":-11.537833213806153,"y":-18.48731803894043,"z":-32.07292175292969},"rotation":{"x":0.05414051562547684,"y":0.9449864625930786,"z":-0.20617277920246125,"w":0.248153418302536},"size":49.53098678588867,"orthographic":false}