{"cameraMode":{"drawMode":0,"name":"Shaded","section":"Shading Mode"},"sceneLighting":true,"audioPlay":false,"sceneViewState":{"showFog":true,"showMaterialUpdate":true,"showSkybox":true,"showFlares":true,"showImageEffects":true,"showParticleSystems":true},"in2DMode":false,"pivot":{"x":10.982014656066895,"y":17.36536407470703,"z":20.27434539794922},"rotation":{"x":0.23840738832950593,"y":0.5748991370201111,"z":-0.17992490530014039,"w":0.7617719173431397},"size":9.708428382873536,"orthographic":false}