{"cameraMode":{"drawMode":0,"name":"Shaded","section":"Shading Mode"},"sceneLighting":false,"audioPlay":false,"sceneViewState":{"showFog":true,"showMaterialUpdate":true,"showSkybox":false,"showFlares":true,"showImageEffects":true,"showParticleSystems":true},"in2DMode":false,"pivot":{"x":0.032851383090019229,"y":-0.06983055174350739,"z":-0.00910632498562336},"rotation":{"x":0.21463090181350709,"y":0.6248472332954407,"z":-0.18429341912269593,"w":0.7277093529701233},"size":0.3276747763156891,"orthographic":false}