{"cameraMode":{"drawMode":0,"name":"Shaded","section":"Shading Mode"},"sceneLighting":false,"audioPlay":false,"sceneViewState":{"showFog":true,"showMaterialUpdate":true,"showSkybox":false,"showFlares":true,"showImageEffects":true,"showParticleSystems":true},"in2DMode":false,"pivot":{"x":0.20351575314998628,"y":1.6371674537658692,"z":-1.2675068378448487},"rotation":{"x":0.08519730716943741,"y":0.9127336144447327,"z":-0.24849332869052888,"w":0.31294187903404238},"size":3.1677074432373049,"orthographic":false}