{"cameraMode":{"drawMode":0,"name":"Shaded","section":"Shading Mode"},"sceneLighting":true,"audioPlay":false,"sceneViewState":{"showFog":true,"showMaterialUpdate":true,"showSkybox":true,"showFlares":true,"showImageEffects":true,"showParticleSystems":true},"in2DMode":false,"pivot":{"x":-17.76056671142578,"y":14.147198677062989,"z":10.203343391418457},"rotation":{"x":0.12625326216220857,"y":0.8616145253181458,"z":-0.2611657977104187,"w":0.41652819514274599},"size":32.88637161254883,"orthographic":false}