{"cameraMode":{"drawMode":0,"name":"Shaded","section":"Shading Mode"},"sceneLighting":true,"audioPlay":false,"sceneViewState":{"showFog":true,"showMaterialUpdate":true,"showSkybox":true,"showFlares":true,"showImageEffects":true,"showParticleSystems":true},"in2DMode":false,"pivot":{"x":-32.951446533203128,"y":-4.065149307250977,"z":0.7354445457458496},"rotation":{"x":0.21463090181350709,"y":0.6248472332954407,"z":-0.18429341912269593,"w":0.7277093529701233},"size":15.23522663116455,"orthographic":false}