{"cameraMode":{"drawMode":0,"name":"Shaded","section":"Shading Mode"},"sceneLighting":true,"audioPlay":false,"sceneViewState":{"showFog":true,"showMaterialUpdate":true,"showSkybox":true,"showFlares":true,"showImageEffects":true,"showParticleSystems":true},"in2DMode":false,"pivot":{"x":-1.5240049362182618,"y":-14.0816650390625,"z":-26.391855239868165},"rotation":{"x":0.07674861699342728,"y":0.915888249874115,"z":-0.21136875450611115,"w":0.3325639069080353},"size":55.35150909423828,"orthographic":false}